{"StartPres": 97700.0, "StartTempK": 298.9047223396019, "StartDwptK": 289.9981663621643, "TypeP": "mixed layer", "P_lcl": 85773.02609326855, "T_lcl": 287.989192391976, "TempK500": 265.4482880210277, "TempK600": 270.62578208252836, "TempK700": 280.7393804700859, "TempK850": 290.5484077795175, "DwptK500": 264.13878429748803, "DwptK600": 265.94461824056185, "DwptK700": 276.5522100142406, "DwptK850": 286.27075740511094, "plfc": 65449.80582948292, "tlfc": 277.29614798757143, "P_el": 49946.68504569468, "T_el": 265.4029687159134, "cape": 155.90346501398378, "cin": -210.12194860737816, "pa20": 38327.15710715471, "zm20": 7832.173913043477, "pa0": 62325.554233022965, "zm0": 4076.599999999997, "Bcape": 460.9303563078624, "Dcape": 181.73062749972863, "ji": 29.754344865774556, "mji": 30.660759637851896, "si": -0.16802537355874847, "bli": 3.2255376038645522, "ic": 1.5857261559451103, "li": -0.005270871198661098, "ki": 34.03370670775547, "tt": 45.92258914257309, "sweat": 262.80843295138584, "tc": 308.668424220694, "tpw": 42.56389224658207, "Brn": 3.1039858579382567, "thick": 5522.620145664566, "shr01": [15.260892424423313, 7.202273077508962], "shr12": [-4.158991690554469, 6.612492174304812], "shr23": [-6.461430931407438, 0.2061694270905221], "shr34": [-2.2545229009654633, 0.3129216564500439], "shr45": [-3.7439616382728738, -1.2395964473052707], "shr56": [16.492877486595077, 0.3134907209344959], "shr03": [4.640469802461406, 14.020934678904295], "shr06": [15.134862749818144, 13.407750608983564], "srh01": [41.04808391809995, -34.51193644272065, 6.536147475379295], "srh03": [41.04808391809999, -278.52051420412806, -237.47243028602807], "erh01": [2.0689165213882696, -46.40408301979283, -44.33516649840456], "erh03": [10.872881993642299, -91.1453043760686, -80.2724223824263]}